1416613626,Education
1317611776,Education
0470281918,Education
1452212142,Education
1101220733,Family
1101220733,Relationships
1462511273,Psychology
0470894521,Education
0691198965,Social Science
0520241763,Cooking
0811864060,Cooking
0520249608,Cooking
0226014722,Cooking
1607749837,Cooking
0593138267,Cooking
1603582865,Cooking
3985947492,Cooking
0415341776,Language Arts
0415341776,Disciplines
019824553X,LANGUAGE
0226580571,Language Arts
0226580571,Disciplines
0521446651,Language Arts
0521446651,Disciplines
0582414830,Discourse analysis
0262720108,Child psychology
0521429689,Education
0415116376,Language Arts
0415116376,Disciplines
0889203211,Computers
0262521377,Electronic books
0262037297,Education
0306465628,Science
0684863115,Science
1134926213,History
1402070004,Business
1402070004,Economics
1449646332,Health
1449646332,Fitness
0688146406,Brain
0195187243,Medical
0736068503,Health
0736068503,Fitness
1982188603,"Body, Mind"
1982188603,Spirit
0761165811,Health
0761165811,Fitness
1560064366,Sports
041505382X,Performing Arts
0195305623,Social Science
5049682548,Athletes
0521497906,History
0252013255,History
1859846688,Art
0486139586,Art
1387849604,Art
6547168331,Art
1351342827,Art
0062980915,History
0429966248,Art
4066450304,Art
0521004799,History
1612513584,History
1135119836,History
1473545373,Social Science
0807056424,Business
0807056424,Economics
1783461998,History
1612513027,History
0786747771,History
1474468626,Electronic books
1849088305,History
1982170462,Biography
1982170462,Autobiography
1476737997,Biography
1476737997,Autobiography
0128215388,Science
3540475712,Science
0486659695,Science
3662530450,Science
1416539322,Biography
1416539322,Autobiography
1402016638,Mathematics
0801493633,Feminism
1118230619,Science
1609774851,Travel
1641712415,Travel
1439630792,Photography
1108021593,History
1787019249,Travel
0571268412,History
1537809588,Travel
1760341480,Travel
1775413493,Self-Help
0199568918,Art
0141904320,Philosophy
0226738840,Philosophy
1616403591,Philosophy
0192805835,Philosophy
1623565251,Philosophy
0307784025,Religion
1439108366,Philosophy
1481791823,Fiction
1524761356,Fiction
0756417109,Fiction
3732623518,Fiction
0369406996,Fiction
1781853603,Fiction
0553897777,Fiction
6555523683,Fiction
1101078242,Fiction
1846285615,Mathematics
1067880060,Agriculture
0415238587,Business
1461509813,Business
1461509813,Economics
0230282179,History
1982140113,Business
1982140113,Economics
1119277347,Computers
0132119177,Computers
1627794107,Computers
1430244356,Computers
047055262X,Computers
1848606456,Social Science
0596004194,Computers
1491914335,Computers
1449369897,Computers
0262046305,Computers
1462825710,Religion
0198032076,Religion
1620558621,"Body, Mind"
1620558621,Spirit
1000519853,Religion
1134903528,Religion
0300154047,History
8178355019,Discrimination in employment
3658120535,Philosophy
9811569685,Family
9811569685,Relationships
1551303345,History
1108844406,Psychology
3030123505,Psychology
3319788197,Social Science
3319754444,Philosophy
0853238251,Music
1409493983,Music
0190939946,Music
0316206723,Biography
0316206723,Autobiography
0571308798,Music
0786494507,Music
0198795551,Medical
1134885787,Psychology
1292341514,Psychology
1892005540,Psychology
1462523009,Social Science
0143105824,Social Science
1101475164,Family
1101475164,Relationships
0618871713,Biography
0618871713,Autobiography
