1529067415,Fiction
1481791823,Fiction
1524761356,Fiction
0756417109,Fiction
3732623518,Fiction
0369406996,Fiction
1781853603,Fiction
0553897777,Fiction
6555523683,Fiction
1101078242,Fiction
0521004799,History
1612513584,History
1135119836,History
1473545373,Social Science
0807056424,Business
0807056424,Economics
1783461998,History
1612513027,History
0786747771,History
1474468626,Electronic books
1849088305,History
1859846688,Art
6167339309,Art
1465463623,History
0486139586,Art
1387849604,Art
6547168331,Art
1351342827,Art
0062980915,History
0429966248,Art
4066450304,Art
0521004799,History
1612513584,History
1135119836,History
1473545373,Social Science
0807056424,Business
0807056424,Economics
1783461998,History
1612513027,History
0786747771,History
1474468626,Electronic books
1849088305,History
1529067415,Fiction
1481791823,Fiction
1524761356,Fiction
0756417109,Fiction
3732623518,Fiction
0369406996,Fiction
1781853603,Fiction
0553897777,Fiction
6555523683,Fiction
1101078242,Fiction
1859846688,Art
6167339309,Art
1465463623,History
0486139586,Art
1387849604,Art
6547168331,Art
1351342827,Art
0062980915,History
0429966248,Art
4066450304,Art
1529067415,Fiction
1481791823,Fiction
1524761356,Fiction
0756417109,Fiction
3732623518,Fiction
0369406996,Fiction
1781853603,Fiction
0553897777,Fiction
6555523683,Fiction
1101078242,Fiction
0521004799,History
1612513584,History
1135119836,History
1473545373,Social Science
0807056424,Business
0807056424,Economics
1783461998,History
1612513027,History
0786747771,History
1474468626,Electronic books
1849088305,History
1859846688,Art
6167339309,Art
1465463623,History
0486139586,Art
1387849604,Art
6547168331,Art
1351342827,Art
0062980915,History
0429966248,Art
4066450304,Art
0253201284,Science
5009822571,Industries
:934963276,Technology
0889203211,Computers
0262521377,Electronic books
0262037297,Education
0306465628,Science
0684863115,Science
1134926213,History
1402070004,Business
1402070004,Economics
0128215388,Science
3540475712,Science
1473545373,Social Science
0486659695,Science
3662530450,Science
1416539322,Biography
1416539322,Autobiography
1402016638,Mathematics
0801493633,Feminism
1118230619,Science
0128215388,Science
3540475712,Science
1473545373,Social Science
0486659695,Science
3662530450,Science
1416539322,Biography
1416539322,Autobiography
1402016638,Mathematics
0801493633,Feminism
1118230619,Science
1529067415,Fiction
1481791823,Fiction
1524761356,Fiction
0756417109,Fiction
3732623518,Fiction
0369406996,Fiction
1781853603,Fiction
0553897777,Fiction
6555523683,Fiction
1101078242,Fiction
1859846688,Art
6167339309,Art
1465463623,History
0486139586,Art
1387849604,Art
6547168331,Art
1351342827,Art
0062980915,History
0429966248,Art
4066450304,Art
0128215388,Science
3540475712,Science
1473545373,Social Science
0486659695,Science
3662530450,Science
1416539322,Biography
1416539322,Autobiography
1402016638,Mathematics
0801493633,Feminism
1118230619,Science
1859846688,Art
6167339309,Art
1465463623,History
0486139586,Art
1387849604,Art
6547168331,Art
1351342827,Art
0062980915,History
0429966248,Art
4066450304,Art
0128215388,Science
3540475712,Science
1473545373,Social Science
0486659695,Science
3662530450,Science
1416539322,Biography
1416539322,Autobiography
1402016638,Mathematics
0801493633,Feminism
1118230619,Science
0128215388,Science
3540475712,Science
1473545373,Social Science
0486659695,Science
3662530450,Science
1416539322,Biography
1416539322,Autobiography
1402016638,Mathematics
0801493633,Feminism
1118230619,Science
0253201284,Science
5009822571,Industries
:934963276,Technology
0889203211,Computers
0262521377,Electronic books
0262037297,Education
0306465628,Science
0684863115,Science
1134926213,History
1402070004,Business
1402070004,Economics
1529067415,Fiction
1481791823,Fiction
1524761356,Fiction
0756417109,Fiction
3732623518,Fiction
0369406996,Fiction
1781853603,Fiction
0553897777,Fiction
6555523683,Fiction
1101078242,Fiction
