camerondurham,0316206723,2023-02-12 22:28:22,6
justinpalmer,3985947492,2023-02-16 01:22:04,3
justinpalmer,4066450304,2023-01-27 20:38:24,4
hamiltondylan,1439630792,2023-02-12 01:27:40,2
hamiltondylan,1108021593,2023-02-08 04:35:36,1
adamsjohn,1781853603,2023-01-12 13:06:01,4
allison76,1135119836,2023-01-23 20:10:05,2
briancabrera,0141904320,2023-02-05 13:54:22,5
parsonsjessica,0195187243,2023-02-12 09:49:10,4
hernandezsarah,0128215388,2023-02-02 03:24:14,6
hernandezsarah,0307784025,2023-02-25 07:06:20,6
hallerica,1616403591,2023-01-09 14:04:30,3
justin15,0736068503,2023-01-22 03:52:59,1
kimberlygarcia,1775413493,2023-01-23 06:12:24,1
vanessatorres,1108844406,2023-02-15 05:09:09,5
thomas80,1760341480,2023-01-20 04:41:20,2
popeallison,1067880060,2023-01-06 11:44:42,6
maria08,1627794107,2023-02-03 08:29:56,1
lauracollins,1607749837,2023-01-01 11:21:15,3
lauracollins,1846285615,2023-02-05 07:13:10,5
jonathanking,1787019249,2023-02-03 23:59:35,3
jonathanking,1491914335,2023-01-04 03:24:15,1
mzamora,0889203211,2023-02-03 20:11:19,5
wrightsteven,1461509813,2023-01-19 05:45:31,5
steven86,1101475164,2023-01-27 21:22:51,1
morrisrobert,1101220733,2023-02-04 10:06:58,2
morrisrobert,0300154047,2023-01-04 10:23:54,5
brittany24,1387849604,2023-02-15 02:03:11,3
alexandraleonard,0593138267,2023-01-14 06:03:45,6
powelldakota,0521429689,2023-01-09 23:17:12,5
fwood,0190939946,2023-01-07 05:45:48,1
sydneymoore,041505382X,2023-02-10 14:21:32,1
anthonychavez,0571268412,2023-01-09 16:29:14,5
wperez,1101078242,2023-01-21 23:44:06,6
mossrobert,0369406996,2023-02-25 15:02:53,1
burnettcristian,0195305623,2023-01-15 12:37:40,1
burnettcristian,0801493633,2023-02-07 13:24:48,1
patricklee,1524761356,2023-01-23 09:43:55,1
mark84,1449369897,2023-02-07 14:31:41,6
heather96,1474468626,2023-02-24 19:53:55,1
traceygray,3662530450,2023-01-14 17:32:01,3
morenojason,1416539322,2023-01-13 23:56:42,6
richardoliver,1449646332,2023-01-03 13:40:32,3
richardoliver,0198795551,2023-01-20 19:22:50,2
benjaminrobert,0192805835,2023-01-01 03:51:44,6
charleshoffman,0226014722,2023-01-09 10:53:06,4
huffmanveronica,3030123505,2023-02-08 23:59:51,1
valeriegreene,1402070004,2023-02-03 06:29:43,4
merrittstephanie,0062980915,2023-01-16 22:47:49,3
jenniferoconnell,1551303345,2023-02-01 15:15:04,2
jenniferoconnell,1462523009,2023-02-23 10:58:34,4
johnbeard,3319754444,2023-01-24 01:19:54,1
wcarpenter,3319788197,2023-02-18 16:29:31,2
benjaminlowe,1439108366,2023-01-27 03:20:04,4
gomezstefanie,0521446651,2023-01-22 02:02:01,6
davisrick,1430244356,2023-02-02 11:48:41,4
sarah85,6555523683,2023-01-20 08:21:23,4
jessica20,1481791823,2023-01-19 05:28:25,2
williamsmith,1134926213,2023-01-19 04:27:16,4
timothy42,1409493983,2023-01-22 14:54:07,3
brian74,1351342827,2023-02-14 01:58:48,6
teresa54,1982140113,2023-02-12 15:48:22,1
mschwartz,0811864060,2023-02-23 04:44:27,5
thomas24,0230282179,2023-01-25 17:08:03,4
johnhodges,1612513584,2023-02-01 20:58:18,3
johnhodges,1134885787,2023-02-13 11:33:16,2
andrewskelli,0143105824,2023-02-18 20:04:36,4
zpage,0520241763,2023-02-17 08:37:21,3
ipatton,0306465628,2023-01-12 02:44:33,2
